{
  "metrics": {
    "Logistic Regression": {
      "accuracy": 0.9833333333333333,
      "precision": 0.9836842105263158,
      "recall": 0.9833333333333333,
      "f1_score": 0.9819480629131085,
      "confusion_matrix": [
        [
          1,
          1,
          0
        ],
        [
          0,
          93,
          0
        ],
        [
          0,
          1,
          24
        ]
      ],
      "roc_auc": 0.9996913580246914,
      "cv_mean": 0.97,
      "cv_std": 0.008498365855987945
    },
    "Decision Tree": {
      "accuracy": 1.0,
      "precision": 1.0,
      "recall": 1.0,
      "f1_score": 1.0,
      "confusion_matrix": [
        [
          2,
          0,
          0
        ],
        [
          0,
          93,
          0
        ],
        [
          0,
          0,
          25
        ]
      ],
      "roc_auc": 1.0,
      "cv_mean": 0.9983333333333334,
      "cv_std": 0.003333333333333322
    },
    "Random Forest": {
      "accuracy": 0.9916666666666667,
      "precision": 0.9917553191489362,
      "recall": 0.9916666666666667,
      "f1_score": 0.9903000594177064,
      "confusion_matrix": [
        [
          1,
          1,
          0
        ],
        [
          0,
          93,
          0
        ],
        [
          0,
          0,
          25
        ]
      ],
      "roc_auc": 1.0,
      "cv_mean": 0.9916666666666668,
      "cv_std": 0.005270462766947316
    },
    "Gradient Boosting": {
      "accuracy": 1.0,
      "precision": 1.0,
      "recall": 1.0,
      "f1_score": 1.0,
      "confusion_matrix": [
        [
          2,
          0,
          0
        ],
        [
          0,
          93,
          0
        ],
        [
          0,
          0,
          25
        ]
      ],
      "roc_auc": 1.0,
      "cv_mean": 0.9983333333333334,
      "cv_std": 0.003333333333333322
    },
    "XGBoost": {
      "accuracy": 1.0,
      "precision": 1.0,
      "recall": 1.0,
      "f1_score": 1.0,
      "confusion_matrix": [
        [
          2,
          0,
          0
        ],
        [
          0,
          93,
          0
        ],
        [
          0,
          0,
          25
        ]
      ],
      "roc_auc": 1.0,
      "cv_mean": 0.9966666666666667,
      "cv_std": 0.004082482904638616
    }
  },
  "best_model": "Decision Tree",
  "training_date": "2025-11-27T17:05:38.369818"
}