{
  "metrics": {
    "Logistic Regression": {
      "accuracy": 0.975,
      "precision": 0.9758007117437721,
      "recall": 0.975,
      "f1_score": 0.9722072792708092,
      "confusion_matrix": [
        [
          2,
          4,
          0
        ],
        [
          0,
          272,
          0
        ],
        [
          0,
          5,
          77
        ]
      ],
      "roc_auc": 0.9993998753231622,
      "cv_mean": 0.9838888888888888,
      "cv_std": 0.004444444444444478
    },
    "Decision Tree": {
      "accuracy": 0.9888888888888889,
      "precision": 0.9890499194847021,
      "recall": 0.9888888888888889,
      "f1_score": 0.9887905515004056,
      "confusion_matrix": [
        [
          6,
          0,
          0
        ],
        [
          0,
          272,
          0
        ],
        [
          0,
          4,
          78
        ]
      ],
      "roc_auc": 0.9772727272727273,
      "cv_mean": 1.0,
      "cv_std": 0.0
    },
    "Random Forest": {
      "accuracy": 0.9888888888888889,
      "precision": 0.9890499194847021,
      "recall": 0.9888888888888889,
      "f1_score": 0.9887905515004056,
      "confusion_matrix": [
        [
          6,
          0,
          0
        ],
        [
          0,
          272,
          0
        ],
        [
          0,
          4,
          78
        ]
      ],
      "roc_auc": 0.9996319989462975,
      "cv_mean": 0.9994444444444444,
      "cv_std": 0.0011111111111111072
    },
    "Gradient Boosting": {
      "accuracy": 0.9888888888888889,
      "precision": 0.9890499194847021,
      "recall": 0.9888888888888889,
      "f1_score": 0.9887905515004056,
      "confusion_matrix": [
        [
          6,
          0,
          0
        ],
        [
          0,
          272,
          0
        ],
        [
          0,
          4,
          78
        ]
      ],
      "roc_auc": 0.9773926313494659,
      "cv_mean": 1.0,
      "cv_std": 0.0
    },
    "XGBoost": {
      "accuracy": 0.9972222222222222,
      "precision": 0.9976190476190477,
      "recall": 0.9972222222222222,
      "f1_score": 0.9973265020226347,
      "confusion_matrix": [
        [
          6,
          0,
          0
        ],
        [
          1,
          271,
          0
        ],
        [
          0,
          0,
          82
        ]
      ],
      "roc_auc": 1.0,
      "cv_mean": 0.9988888888888889,
      "cv_std": 0.0022222222222222144
    }
  },
  "best_model": "XGBoost",
  "training_date": "2025-11-27T23:51:40.089483"
}