{
  "metrics": {
    "Logistic Regression": {
      "accuracy": 0.9,
      "precision": 0.9199999999999999,
      "recall": 0.9,
      "f1_score": 0.8977777777777778,
      "confusion_matrix": [
        [
          8,
          0,
          0,
          0,
          0
        ],
        [
          1,
          4,
          0,
          0,
          0
        ],
        [
          1,
          0,
          2,
          0,
          0
        ],
        [
          0,
          0,
          0,
          1,
          0
        ],
        [
          0,
          0,
          0,
          0,
          3
        ]
      ],
      "roc_auc": 1.0,
      "cv_mean": 0.66,
      "cv_std": 0.12000000000000002
    },
    "Decision Tree": {
      "accuracy": 1.0,
      "precision": 1.0,
      "recall": 1.0,
      "f1_score": 1.0,
      "confusion_matrix": [
        [
          8,
          0,
          0,
          0,
          0
        ],
        [
          0,
          5,
          0,
          0,
          0
        ],
        [
          0,
          0,
          3,
          0,
          0
        ],
        [
          0,
          0,
          0,
          1,
          0
        ],
        [
          0,
          0,
          0,
          0,
          3
        ]
      ],
      "roc_auc": 1.0,
      "cv_mean": 0.9399999999999998,
      "cv_std": 0.05830951894845301
    },
    "Random Forest": {
      "accuracy": 0.95,
      "precision": 0.9555555555555555,
      "recall": 0.95,
      "f1_score": 0.9464705882352942,
      "confusion_matrix": [
        [
          8,
          0,
          0,
          0,
          0
        ],
        [
          0,
          5,
          0,
          0,
          0
        ],
        [
          1,
          0,
          2,
          0,
          0
        ],
        [
          0,
          0,
          0,
          1,
          0
        ],
        [
          0,
          0,
          0,
          0,
          3
        ]
      ],
      "roc_auc": 1.0,
      "cv_mean": 0.9199999999999999,
      "cv_std": 0.05099019513592784
    },
    "Gradient Boosting": {
      "accuracy": 0.95,
      "precision": 0.9555555555555555,
      "recall": 0.95,
      "f1_score": 0.9464705882352942,
      "confusion_matrix": [
        [
          8,
          0,
          0,
          0,
          0
        ],
        [
          0,
          5,
          0,
          0,
          0
        ],
        [
          1,
          0,
          2,
          0,
          0
        ],
        [
          0,
          0,
          0,
          1,
          0
        ],
        [
          0,
          0,
          0,
          0,
          3
        ]
      ],
      "roc_auc": 1.0,
      "cv_mean": 0.9600000000000002,
      "cv_std": 0.058309518948453015
    },
    "XGBoost": {
      "accuracy": 0.95,
      "precision": 0.9625,
      "recall": 0.95,
      "f1_score": 0.9519047619047619,
      "confusion_matrix": [
        [
          7,
          0,
          1,
          0,
          0
        ],
        [
          0,
          5,
          0,
          0,
          0
        ],
        [
          0,
          0,
          3,
          0,
          0
        ],
        [
          0,
          0,
          0,
          1,
          0
        ],
        [
          0,
          0,
          0,
          0,
          3
        ]
      ],
      "roc_auc": 0.9786764705882354,
      "cv_mean": 0.96,
      "cv_std": 0.03741657386773941
    }
  },
  "best_model": "Decision Tree",
  "training_date": "2025-11-27T21:51:07.539152"
}